price_true,price_pred,abs_error,pct_error,sqft_living,bedrooms,bathrooms,view,waterfront
2199900.0000000005,361920.0323794184,1837979.967620582,83.5,1120,4.0,1.5,0,0
2109999.999999998,410655.1952470696,1699344.8047529287,80.5,2100,4.0,1.0,0,0
1299999.9999999993,527207.113906777,772792.8860932223,59.4,2610,4.0,1.75,0,0
1180500.0,413877.10594610823,766622.8940538918,64.9,1610,3.0,1.75,0,0
1690000.0000000007,954745.3391597321,735254.6608402686,43.5,3400,3.0,1.75,2,0
1400000.0000000007,734833.4243136876,665166.5756863131,47.5,2550,3.0,2.5,2,0
2075000.0000000007,1445183.2489562084,629816.7510437923,30.4,4230,4.0,3.5,0,0
1299999.9999999993,670191.3029876315,629808.6970123678,48.4,2360,4.0,2.25,0,0
1712499.999999999,1141177.563199654,571322.4368003451,33.4,2940,3.0,3.25,3,0
1749999.9999999998,1195076.6494067088,554923.350593291,31.7,3510,6.0,3.0,0,0
